0,1,2,3,4,5,6,7,8,9,10,11,12,13,14,15,16,17,18,19,20,21,22,23,24,25,26,27,28,29,30,31,32,33
E1,5744706261.019965,893235767.2699981,6637942028.290009,4065843301.779994,632790138.82,4698633440.600003,1768145.971381953,274926.3672730065,2043072.3386549733,515577.3905376609,80242.21897286331,595819.6095105254,3968521.0381978736,630572.6239909289,4596277.077348552,427303.6699800482,68069.31733779232,494683.53541979706,1.0489407114443106,1.1160434877577239,1.0552769884337938,-0.5325254888977624,-0.4223275791045736,-0.5246444492306541,0.7249848387323032,1.0426296229420524,0.754907725420686,-0.1978994315545517,-0.24609430923568398,-0.20707921124892747,1678862959.2399712,260445628.44999802,1939308587.6900053
E10,5144538.690000048,273422.95000000147,5417961.640000008,340831584.4700004,10629947.030000033,351461531.5,1332.7820440414632,70.83496113989675,1403.6170051813492,660526.3264922488,20600.672538759754,681126.9990310078,3801.892585209683,281.51413485099613,4015.3473001448133,346419.87446261354,12164.287575719782,356939.4515234693,6.975423550763594,16.206304508058615,7.130072833142653,-0.5820344069172385,1.1977749761656855,-0.5823698807700013,91.3894098976426,382.9966001306041,94.73513927266353,-1.024398150568646,8.34282107369706,-1.0238522254594529,-335687045.7800003,-10356524.080000032,-346043569.86
E100,21068.800000000003,2254.2200000000003,23323.02,671348.7299999999,20140.479999999992,691489.21,363.25517241379316,38.86586206896552,402.1210344827586,6850.497244897958,205.51510204081626,7056.012346938775,515.8095922054738,64.15967758417362,575.3577368538208,12991.195362789556,389.7360063287343,13380.931369111457,3.218638204773492,3.893387453389374,3.3413808481133342,3.2043398340681213,3.2043361350504975,3.2043397263344846,9.575554219799843,13.706111597632102,10.347320427031706,17.24971120786392,17.249685779258417,17.249710467261313,-650279.9299999998,-17886.25999999999,-668166.19
E101,45901.770000000004,7256.2300000000005,53158.0,340545.58,51832.420000000006,392378.0,2868.8606250000003,453.51437500000003,3322.375,10642.049375,1619.7631250000002,12261.8125,8468.022573581206,1356.624175213832,9824.620717074782,9497.163531993363,1536.733165883959,11029.391556150662,3.363434341659915,3.3614453238971507,3.363191128587445,5.149393185959468,5.128349591170984,5.153145046829395,9.784575707764125,9.774067244469109,9.783256500536229,25.452605679892873,25.298622682611487,25.47743704737758,-294643.81,-44576.19,-339220.0
E102,3177083.499999995,481233.5800000003,3658317.0800000024,380552.12000000005,58332.97999999999,438885.0999999999,4474.765492957739,677.7937746478877,5152.559267605638,2520.2127152317885,386.3111258278145,2906.523841059602,7700.717133060022,1231.0088326935,8919.48506866484,3784.8515071759557,601.1510438339984,4382.221491691724,2.7779395021535294,2.8889293547003203,2.791685741341558,0.43690821560351595,0.3720015447180307,0.422115192935163,9.869137024811614,10.62258139621718,9.958666740315122,0.8755523457793579,1.337427747031259,0.9237066312342805,2796531.3799999948,422900.6000000003,3219431.9800000023
E103,682695.4800000001,55570.13,738265.61,1702417.6399999994,120034.13000000003,1822451.77,4039.6182248520718,328.8173372781065,4368.4355621301775,31526.252592592584,2222.85425925926,33749.10685185185,12973.286638546455,1243.9180219338116,14157.065594144331,35991.178279006046,2214.289917158965,38133.78666471752,5.301236173668266,6.016705100611427,5.361538801168159,0.9665520472437457,0.657438067152581,0.9495082878586476,30.318890534117557,37.62869778429255,30.885586693940333,-0.754107725160706,-1.0781455531031607,-0.7781050412885628,-1019722.1599999993,-64464.00000000004,-1084186.1600000001
E104,264.15,15.85,280.0,262650.51,7879.49,270530.0,264.15,15.85,280.0,13823.71105263158,414.71,14238.421052631578,0.0,0.0,0.0,25365.27781952368,760.9586937818013,26126.236513302687,nan,nan,nan,-0.37519943223428076,-0.3751967323543271,-0.37519935359726464,0,0,0,0,0,0,-262386.36,-7863.639999999999,-270250.0
E105,7436.92,1043.08,8480.0,924819.3699999995,27744.52000000001,952563.8899999999,1239.4866666666667,173.84666666666666,1413.3333333333333,7643.1352892561945,229.29355371900837,7872.428842975206,1161.5077825060935,222.28944079485396,1382.6865958062303,3854.961614039213,125.57342974379175,3978.440804811237,0.6674709692562615,0.7070782656080822,0.678807400276936,-2.3511948464686685,-2.668305783174905,-2.3606846817641123,-1.5,-1.4999999999999993,-1.4999999999999996,6.128644061989178,9.56803198096083,6.198039028122901,-917382.4499999995,-26701.44000000001,-944083.8899999999
E106,50335.270000000004,2125.83,52461.1,586048.8599999996,17628.999999999993,603677.86,1438.1505714285715,60.738,1498.8885714285714,4246.730869565215,127.74637681159415,4374.477246376811,2821.478915373428,129.70604010167426,2934.228325498051,3783.614467479797,113.40926704678898,3896.9540015695516,2.3236016567024613,3.2651143535865206,2.352725520380161,-0.25922563034326124,-0.26816208482170956,-0.2594618504392914,4.059591609530861,11.350552668112131,4.268938459889164,0.6645295703941536,0.6800515830018017,0.6652132148396199,-535713.5899999996,-15503.169999999993,-551216.76
E107,104637.37999999999,6272.620000000001,110910.0,786792.3899999999,47207.61,834000.0,11626.375555555554,696.9577777777779,12323.333333333334,23140.95264705882,1388.4591176470587,24529.41176470588,20947.924590647326,1257.2179088215887,22205.141371613317,33161.24758128825,1989.675169648033,35150.922750935206,1.9741364257558638,1.973566651795035,1.9741046254827066,1.6500297842731777,1.650030070167576,1.6500298004561187,2.5642201528457997,2.5624093515989532,2.5641185667963153,0.8024556210699312,0.8024561174799034,0.802455649168988,-682155.0099999999,-40934.99,-723090.0
E108,99296.99999999999,6925.95,106222.94999999994,191471.11000000002,5744.150000000001,197215.26,455.4908256880733,31.770412844036695,487.2612385321098,5802.154848484849,174.06515151515154,5976.22,1176.3519961016545,80.23618754671361,1234.251960205986,3521.8101717002924,105.65337236285319,3627.463544040856,5.959415502007731,6.968725023804154,5.795469303431626,-0.3557807805622758,-0.3558054542743799,-0.3557814992201702,39.030092800181315,62.17586919318882,36.79738640755979,-1.2690438488784934,-1.2690271960142707,-1.2690433638572216,-92174.11000000003,1181.7999999999993,-90992.31000000007
E109,3257.44,113.56,3371.0,442766.76999999996,14040.23,456807.0,325.744,11.356,337.1,19250.729130434782,610.4447826086956,19861.17391304348,157.87588126119834,5.1593298014373925,162.022498437717,22635.924260539814,684.209193854765,23312.68785475481,1.7082044763200877,0.7061201045654781,1.7014937588427206,1.6061630916829843,1.4608234098842166,1.6028808287229765,1.9722457215044757,-0.5328438690870865,1.975785490844629,1.6644994133052995,1.2482253345250474,1.6570309376921504,-439509.32999999996,-13926.67,-453436.0
E11,133219036.31000134,10992913.130000068,144211948.07999992,148439127.14000192,14107917.990000103,162547045.13000003,49067.785012891836,4048.9551123388833,53116.73962430936,141236.08671741383,13423.328249286491,154659.41496669842,88203.70985770327,7884.3490346839835,93904.7056012497,197492.8448392691,17595.71490597664,215084.36170976787,5.985823855081225,6.492610978554909,5.736556976515575,3.595431522905306,3.5911143787914113,3.5953207844592594,51.405933183435,82.22638967168612,47.813577920462784,11.23229502706438,11.226113201214567,11.232865693822765,-15220090.83000058,-3115004.860000035,-18335097.0500001
E110,963.39,76.61,1040.0,196919.86000000002,5907.649999999997,202827.50999999998,321.13,25.536666666666665,346.6666666666667,3176.1267741935485,95.2846774193548,3271.411451612903,80.58188878401896,13.69901537418738,94.28090415820634,3577.7480629106017,107.33222592339231,3685.0802887934938,0.7071067811865468,0.7071067811865474,0.7071067811865468,0.8394635197078582,0.8394578353703205,0.8394633541573083,-1.5000000000000007,-1.5000000000000007,-1.5,-0.9678544721127094,-0.967870832331708,-0.9678549486850292,-195956.47,-5831.039999999997,-201787.50999999998
E111,489491.99,39782.020000000004,529274.0099999995,722954.0099999998,156187.79,879141.8000000004,1854.1363257575758,150.68946969696972,2004.8257954545438,3543.892205882352,765.6264215686275,4309.518627450982,12328.899140076821,1996.2877934735977,14307.015567251645,40786.63620920545,3318.22041561872,43276.034488852354,1.010592055766425,0.7422830517528428,0.975462148098138,-0.4974095565656022,-0.6090514924618389,-0.5071596879753536,31.282889579056175,33.00439707546042,31.685066207163686,2.215801367250255,9.77576796021429,2.0566946578507883,-233462.0199999998,-116405.77,-349867.79000000085
E112,790709.8399999997,129536.05000000003,920245.8899999999,936281.4299999999,158521.57,1094803.0,7752.057254901958,1269.9612745098043,9022.018529411764,58517.589374999996,9907.598125,68425.1875,8880.410230907035,1500.992328036638,10379.273143767447,43611.97724890269,7417.321967479418,51028.08405763873,2.3762413642176443,2.3273127775205533,2.3700142357194767,-2.2209272348764597,-2.2033177031445335,-2.2185262965847055,7.1815482871952305,7.0221697722245295,7.158319226508381,4.554161803107599,4.49540679678412,4.546311637738556,-145571.5900000002,-28985.519999999975,-174557.1100000001
E113,1289936.4599999997,67644.27000000003,1357580.73,283580.55000000005,45919.45000000001,329500.0,12646.435882352938,663.1791176470591,13309.615,9147.759677419357,1481.2725806451617,10629.032258064517,27255.904759857345,1834.4528531797744,28530.845676482742,4000.350810434637,507.3669916276976,4499.368668859472,2.3624317240448076,4.863843649630326,2.3289532925584213,4.225743357142684,3.0546205073566655,4.1098966771207035,4.850047815416528,28.562151530753315,4.623227996091478,19.34154522195593,12.725814067508791,18.65444053579821,1006355.9099999997,21724.82000000002,1028080.73
E114,566540.0499999999,77776.94999999998,644317.0,219628.78000000003,6588.860000000003,226217.63999999998,8210.725362318839,1127.2021739130432,9337.927536231884,3327.7087878787884,99.83121212121218,3427.54,15647.5638707002,2361.172916193314,17982.928603780365,2704.069550344171,81.62652093371914,2785.681144167927,2.5155503412220392,2.6420668443871,2.522055956468618,0.4106147738436082,0.3578918086481898,0.4091026959126483,5.091465821086674,5.94567863143609,5.117311747699532,0.2355426620454386,0.3414903807664307,0.23847436381400122,346911.2699999999,71188.08999999998,418099.36
E115,528.3,31.7,560.0,55533.98,1666.02,57200.0,264.15,15.85,280.0,13883.495,416.505,14300.0,0.0,0.0,0.0,12386.538409629424,371.59625028382624,12758.134659894447,nan,nan,nan,0.7192914781404555,0.7193147791191162,0.7192921568167141,0,0,0,0,0,0,-55005.68,-1634.32,-56640.0
E116,2605.8700000000003,200.37999999999997,2806.25,231427.53999999998,6942.78,238370.32,260.58700000000005,20.037999999999997,280.625,5382.035813953488,161.46,5543.495813953488,120.21530160923776,18.9765938988007,130.58757837175784,3466.6619666979245,103.99884455977117,3570.6608111516425,1.1803736699815002,1.5002207647722465,0.9799622041284177,-0.10411783353995635,-0.10413293563138074,-0.10411827352037864,0.4053171984190196,1.352425622877707,-0.27126621400705986,-1.5108885767585165,-1.5108695376922086,-1.510888022377187,-228821.66999999998,-6742.4,-235564.07
E117,6708.790000000001,411.21000000000004,7120.0,523351.31000000006,1816.69,525168.0,1677.1975000000002,102.80250000000001,1780.0,20128.89653846154,69.8726923076923,20198.76923076923,1244.4411899799645,90.14807440400487,1276.6557875950746,17325.34895385037,165.0856522106885,17372.745366295167,0.7084687799270344,0.7114521193673089,0.6005832197123259,1.7511788316119645,4.434081446317369,1.7438799218505694,-0.9212982486192551,-1.0981063378805829,-1.0063951699703504,2.109721126840978,18.645248085296256,2.0857126878342696,-516642.5200000001,-1405.48,-518048.0
E118,62209.690000000024,5503.100000000005,67712.79000000001,272744.78,8196.42,280941.2,2304.0625925925933,203.8185185185187,2507.8811111111113,2005.476323529412,60.26779411764706,2065.744117647059,5629.669829788119,722.0063684581331,6333.624797803436,6500.660880562997,195.0032056059712,6695.6605151177255,4.3395057888470125,4.841186243711814,4.42266914169619,7.922421199780735,7.9229445737655535,7.922449680733193,18.066710257371557,21.642816397426735,18.68087261145021,73.9193305603103,73.92931159099531,73.91978512124525,-210535.09,-2693.319999999995,-213228.41
E119,219738.72000000006,29996.11,249734.8299999999,35671.85999999999,1070.1399999999999,36742.0,699.8048407643314,95.52901273885351,795.3338535031844,1981.7699999999995,59.45222222222222,2041.2222222222222,1227.4739288222584,159.03787848689163,1382.8840630223726,611.6615368358912,18.349799743247445,630.0113363667493,5.950899558509512,5.635361375353026,5.932449594584545,-1.2319328009462156,-1.2318548147828063,-1.2319305310047874,43.94857765296784,40.48837675836465,43.88793564049474,-0.09626241541411584,-0.09649086729559908,-0.09626906939505275,184066.86000000007,28925.97,212992.8299999999
E12,88851680.7699995,6595331.93,95447012.69999996,223684403.0899995,19318617.419999994,243003020.51000002,50570.10857711981,3753.746118383608,54323.85469550367,850511.038365017,73454.81908745244,923965.8574524715,230667.9748729423,13541.035920768982,240687.592951486,224547.41769341324,32563.9803346428,244555.23060288615,8.712801272301904,8.559873395570376,8.495835247762912,-3.3909084653410337,-1.2007322145551313,-3.438091524284341,90.9649234539011,110.95034114281862,86.86928602711554,15.612384974703513,1.5948216660772694,16.083632327757126,-134832722.32,-12723285.489999995,-147556007.81000006
E120,18115.56,1330.7799999999997,19446.340000000004,190673.21000000002,5720.210000000001,196393.41999999998,517.5874285714286,38.02228571428571,555.6097142857144,21185.912222222225,635.578888888889,21821.49111111111,1665.5326409742106,98.63920255400383,1762.7006667878138,24089.527184164854,722.6844623645992,24812.211646520816,5.505995214761424,5.514201792445967,5.520229378918946,1.0968011458641926,1.0967927727081892,1.0968009019881009,28.854243077332466,28.968013791335682,28.9666604251672,0.1881421379906394,0.1881217278357088,0.18814154352142243,-172557.65000000002,-4389.430000000001,-176947.08
E121,1073486.1800000002,177633.70000000004,1251119.8800000001,101462.01999999999,12825.529999999992,114287.55000000002,21469.723600000005,3552.674000000001,25022.397600000004,622.466380368098,78.68423312883431,701.1506134969326,25610.02379004367,4365.230244719745,29972.94798310861,342.92441687006095,64.74904768843439,391.94585224291023,0.518982310306487,0.5392709422746377,0.5220019188882239,0.3816670263141061,0.9227534326701807,0.5234397219931877,-1.5839806846489817,-1.5533759732170442,-1.5798200528394275,0.7587115799375934,0.75777565101472,1.2150901935695098,972024.1600000001,164808.17000000004,1136832.33
E122,50672.10999999999,3074.149999999999,53746.259999999995,58921.82000000001,1818.7800000000007,60740.59999999999,1078.1299999999999,65.40744680851063,1143.5374468085106,577.6649019607844,17.831176470588243,595.4960784313724,2849.984456578741,225.49874186060387,3056.3715102649808,1056.4585156557075,31.862913419163256,1088.2173132068117,4.104927577404643,1.4136639101161392,3.937225738999014,2.855474016628679,2.7409152673234134,2.8531324097677926,21.80015037822441,11.086659193789844,20.83118376174616,7.037161918277686,6.681974481869389,7.030131342590247,-8249.710000000014,1255.3699999999985,-6994.3399999999965
E123,792.4499999999999,47.55,840.0,200235.84999999995,27323.849999999995,227559.70000000004,264.15,15.85,280.0,6067.753030303029,827.9954545454544,6895.748484848486,0.0,0.0,0.0,3658.182759279228,668.0773492601664,4256.60213487459,nan,nan,nan,-0.4353007255996558,0.011722307694809645,-0.35349320932718903,0,0,0,0,0,0,-199443.39999999994,-27276.299999999996,-226719.70000000004
E13,92028477.70000252,11600026.649998909,103628502.97000007,212454771.01000032,31523252.309999987,243978023.3199999,6942.925514900228,875.1434666162888,7818.0688774047585,31206.634989718026,4630.324957403053,35836.95994712102,29121.918833215965,3847.09254399408,32795.97754268649,107642.6219152387,16572.884465751664,124091.14594327217,14.806892963012347,13.659000796536473,14.72310324767282,5.100385699981691,5.149335270598065,5.099792392417504,412.90409333323345,357.0658732952413,410.6445383378991,34.68557087940209,38.32219783623754,35.028145670984046,-120426293.3099978,-19923225.660001077,-140349520.34999985
E14,111348020.13999966,13755650.099999996,125103670.24000013,209084031.7899997,32676565.58000001,241760597.36999992,17059.601676114547,2107.4996322966135,19167.101308411235,67511.795863739,10551.038288666454,78062.83415240553,65358.730642046925,7329.56653097308,72534.81148779343,139884.06864820851,21593.356082928098,161332.07795460368,11.334548289198896,9.56094293719532,11.192365312744766,3.8831647704252643,3.8060807926224633,3.8604571162840244,148.68820145261049,114.94387233343573,145.9088470627787,17.48175919165759,17.14076066584172,17.274542813194515,-97736011.65000004,-18920915.48000001,-116656927.12999979
E15,4238459.000000002,565485.4400000001,4803944.4399999995,211824339.19999567,7776512.960000202,219600852.16,46070.20652173915,6146.580869565218,52216.787391304344,93727.58371681224,3440.9349380531867,97168.51865486725,42684.51117100689,6086.510919467498,48519.840360302725,13526.709950150567,1891.6067889625172,13899.592931768071,0.055642789563270616,0.22100827034745207,0.052360041306745396,-5.171446756595778,2.4222602860306464,-5.31924052778104,-1.7886934333729578,-1.6776619034261617,-1.8152762571451075,27.12778537989176,4.702178744755183,28.244517075899466,-207585880.19999567,-7211027.520000202,-214796907.72
E16,277180.8499999998,15567.569999999998,292748.42000000004,209410435.50000012,4146250.4400000023,213556685.93999997,959.1032871972311,53.86702422145328,1012.9703114186852,536949.8346153849,10631.41138461539,547581.2459999999,2421.2197051105954,85.29586642103466,2499.371984292177,302529.7997956869,11473.633282995086,308766.98095290625,1.8346348702255628,2.0317777614271706,1.8314505212124879,-0.35287451321341573,0.9950269851500404,-0.35343776243092845,45.039802040770134,30.79502026670213,44.76675447706845,-1.3276606503124029,1.7056136663074986,-1.336083743943399,-209133254.65000013,-4130682.8700000024,-213263937.51999998
E17,130460468.01999667,12321551.169999806,142782019.1899998,154980771.44,13107285.99000001,168088057.43,18264.10024079472,1724.98266414669,19989.08290494187,276258.0596078431,23364.146149732638,299622.20575757575,43660.40450365757,5895.654154236638,48749.98472461009,321686.8037689399,28436.778557014044,347214.12745508924,4.689119178026535,6.1555204526353515,4.7650770143992975,0.7520277365226253,1.0267875259638237,0.7395536895371368,121.52275985286919,230.9896856917899,137.10773626305797,0.28177714919872043,1.0844243751173321,0.22001231002005728,-24520303.420003325,-785734.8200002033,-25306038.24000022
E18,127926244.54999566,9826592.659999514,137752837.21000022,187726474.53999978,9929916.23,197656390.77,23451.19056828518,1801.3918716772712,25252.582439963375,544134.7088115936,28782.365884057974,572917.0746956522,66707.46443763828,5307.643623331272,70663.74653989464,321750.573181164,24829.24034565554,337544.6679585111,7.356451586634163,7.996714333028874,7.222621011698556,-0.41527662159038026,1.143489720642633,-0.4149456296788403,88.30641421080047,113.05852215344616,85.17730988631928,-0.7421262274742948,0.32073309145798357,-0.7663792481894252,-59800229.99000412,-103323.57000048645,-59903553.559999794
E19,183208718.94999972,28931838.35000009,212140557.29999977,180443886.06999987,28671283.07,209115169.13999993,123456.0100741238,19495.847944743997,142951.85801886776,63964.51119106695,10163.517571783055,74128.02876285002,207693.61156724626,33072.21874199151,240576.87442161157,35361.778470377,5745.912849260131,41025.07104724207,3.297339280222402,3.0884314047662196,3.257264327044859,-1.5106484083917626,-1.47260229628521,-1.5199979425867414,13.610193606343824,9.995290263054335,12.921476695266323,3.3152054052978333,3.507260611709709,3.3809545174912,2764832.879999846,260555.2800000906,3025388.1599998474
E2,155762303.56999448,6725653.049999414,162487956.62000045,590841712.7900169,35453921.14999921,626295633.9400003,4955.0597604579125,213.9542882137558,5169.014048671877,50650.811212174616,3039.341718816906,53690.15293099017,24347.405676439997,1333.4686547321228,25114.56126035795,43839.993215448325,2631.415737588328,46469.984757865,16.580149087411062,22.334976580715605,15.980760147592438,-0.511540163321697,-0.5075984019059849,-0.5115741865293452,486.90469846153826,867.327906047267,450.9803558349575,-0.44049744097015786,-0.4364198708494649,-0.4405605533726966,-435079409.22002244,-28728268.099999793,-463807677.3199998
E20,177559726.4399998,26780090.73000002,204339817.17000017,191826403.59999996,30295655.20000006,222122058.79999983,170566.49994236292,25725.351325648433,196291.8512680117,260280.05915875165,41106.72347354146,301386.78263229283,322530.56977153075,52048.466766626756,374198.0828675381,317964.039100431,48743.17604002474,366388.4413851243,7.511342703579455,8.663778848090935,7.679412845025294,1.4647346895000948,1.5329048821947735,1.4683539327405457,95.85049388722548,120.1279629074578,99.37097770954293,0.27010143546849186,0.5721095136244356,0.28668576549197056,-14266677.160000175,-3515564.47000004,-17782241.629999667
E21,114782677.3499988,8412082.730000012,123194760.08000001,118412938.23000383,11309907.640000323,129722845.87000002,53486.80212022311,3919.889436160304,57406.69155638398,82922.22565126319,7920.103389355968,90842.32904061626,97060.08049720268,7414.1255936997,102165.0542113072,33727.650837456495,3309.6506981113316,36853.80440878216,6.898369019948392,7.423518858360435,6.698411833097763,-4.521500060274635,-3.8809277343743784,-4.523325565637898,69.55052653979398,112.64636878472211,66.0512575839733,19.861112632831702,15.365513372852575,19.86007777388149,-3630260.880005032,-2897824.910000311,-6528085.790000007
E22,65915911.01999999,8974264.920000007,74890175.93999988,111933993.52000046,10952469.900000053,122886463.42000006,43365.73093421052,5904.1216578947415,49269.852592105184,81942.8942313327,8017.913543191839,89960.8077745242,77372.23109732044,11546.13543116063,88583.99950471651,25305.794029136672,2531.3283422597406,27752.24984431223,4.127945688398754,4.122639571468899,4.121977169007171,-2.3554387024126435,-2.2308656623937617,-2.371604515315566,26.287284382503575,23.83766749354099,25.926090909617116,7.103252940834361,7.50593951628513,7.243765088785695,-46018082.50000047,-1978204.9800000452,-47996287.48000018
E23,173780708.68000036,27214037.450000145,200994746.13000038,183238932.05999997,28805660.470000017,212044592.53000033,36189.23546022498,5667.229789671001,41856.465249895955,53251.65128160418,8371.304989828543,61622.95627143282,156419.43059446948,25273.829024863237,181601.55090676097,37040.803479196635,6155.716364642971,43072.266042870775,5.198242979759322,5.248930822814591,5.199266394119506,-0.27769795356160343,-0.1768080114550466,-0.2712794129115792,26.20358490725164,26.798705627607067,26.19840532989774,-1.21727062585773,-1.2477335756104218,-1.2199395952642702,-9458223.379999608,-1591623.019999873,-11049846.399999946
E24,75290120.81999983,10940548.589999918,86230669.41000003,140520367.6599987,13728085.170000035,154248452.82999995,37569.92056886219,5459.3555838322945,43029.27615269463,85787.77024419945,8381.004377289399,94168.77462148959,91034.62687489319,13921.290985234298,104688.16975026592,28481.6651132588,3477.4799295374596,31408.49023720548,6.540749862520141,6.922039737156123,6.571108429902597,-3.8233038678242175,-2.2046138969598736,-3.8103526387230344,55.184400135255,62.630108608444544,55.818984947894684,17.577667226435015,8.496198790741804,17.510376746027845,-65230246.839998856,-2787536.5800001174,-68017783.41999993
E25,8975529.430000016,1028659.4399999994,10004188.869999997,37997036.41999999,5836759.610000001,43833796.030000016,6452.573278217122,739.5107404744783,7192.084018691587,46679.4059213759,7170.466351351353,53849.87227272729,29896.20530230351,2551.6125276144016,31821.326075258577,244794.36997996748,37066.83910282017,281695.5916348176,17.321445742375094,4.612258150251015,15.883948618853063,12.382061456269009,12.61480466628711,12.397016370367528,440.3056527325816,23.77280120068046,385.51923661605235,169.3983924241461,179.05674980345137,170.14812501597035,-29021506.989999972,-4808100.170000002,-33829607.16000002
E26,37078221.15999991,5567189.360000004,42645410.519999996,36648003.48999984,5781067.3300000075,42429070.819999985,48915.8590501318,7344.576992084438,56260.43604221635,81440.0077555552,12846.816288888906,94286.82404444441,76472.64174704219,12446.873375109228,88809.7263555293,23044.19610446101,3800.661345794829,26655.803817189088,7.243720988311467,7.477667093675133,7.298615429558917,-2.2455899447580943,-1.9227548507599697,-2.2538869464533318,76.00098000513054,78.3239920335028,76.65567125451352,4.499000092672595,3.44899387846779,4.533421144555804,430217.67000006884,-213877.97000000346,216339.70000001043
E27,44272038.460000135,4617635.72999999,48889674.189999886,44058220.4999999,4601546.919999987,48659766.499999985,17887.69230707076,1865.711406060602,19753.403713131265,31719.38120950317,3312.8487544996306,35032.229301655854,31310.776562493545,3304.21187088875,34557.78196820187,33030.23969625488,3492.02284554038,36472.78588275145,2.1054627921946705,2.056634683285952,2.0947004247864456,0.7618379400849544,0.8961293054535523,0.7658128643966644,5.778162289037196,5.013531673425579,5.674614334700276,-0.6505184281300145,-0.2442817851051724,-0.64478489963812,213817.96000023186,16088.810000003316,229907.68999990076
E28,1272115.7899999998,142637.68000000002,1414753.4699999997,49029625.42999964,4743903.319999972,53773528.75,8154.588397435896,914.3441025641027,9068.932499999999,93389.76272380885,9036.006323809472,102425.76904761905,18493.49803270663,2397.9054413813415,20550.607887027585,52293.97858798511,5796.261840235289,58048.714275805774,3.462851605984078,4.267764176377823,3.4385331124385963,11.728139492596917,11.888912020028604,11.76816413889427,12.018813651142139,18.981348053951496,11.69331483069062,155.4773379478983,158.9593291516278,156.25414433369207,-47757509.63999964,-4601265.639999973,-52358775.28
E29,160579.41999999993,26039.020000000004,186618.44,45171435.47000016,1804943.3100000003,46976378.77999999,3345.4045833333316,542.4795833333334,3887.8841666666667,96314.36134328393,3848.4931982942435,100162.85454157779,20314.81152506466,3456.1818610293285,23770.42431064888,7685.950295089121,2130.234271310577,8053.58213776323,6.701952697292504,6.708934156465196,6.70345727486669,-9.082610401002833,1.7526118017611443,-8.768190960943498,42.95179782099408,43.01376014287254,42.965202641774546,91.97487728187963,1.247651631661724,89.11744107153609,-45010856.05000016,-1778904.2900000003,-46789760.33999999
E3,52026978.690000065,2152373.830000002,54179352.51999985,570177995.2800006,90892283.42000023,661070278.7000113,11913.665832379222,492.8724135562175,12406.53824593539,24070.330770010154,3837.0602592029813,27907.391029213577,54884.67260728112,2801.5552147915587,57276.60956486169,102951.11414424841,16859.841589547585,119762.21030482484,7.4809586871921105,10.100688446663828,7.615613023693332,2.91957526257788,3.0262594052957392,2.93179086787674,66.7884152045951,113.0788185811502,69.09566437451103,25.15321249964634,26.192051299969254,25.229640270746337,-518151016.5900005,-88739909.59000023,-606890926.1800114
E30,21154741.029999983,3066155.329999996,24220896.35999999,71493447.69000012,6615074.12,78108521.80999976,28587.487878378353,4143.453148648643,32730.941027027013,95707.42662650617,8855.520910307898,104562.9475368136,43013.20480810894,6555.950343031787,49412.40440498762,15514.652802947934,2948.7452545170663,17114.23155220061,2.0834675424085876,2.639683658079416,2.1455281184647976,-4.200768078580477,-1.4054962010821173,-4.053705062641374,11.388797270286519,19.03727796524167,12.354972303660778,17.333240168957246,0.4260415478116655,16.506295485628286,-50338706.66000013,-3548918.790000004,-53887625.44999978
E31,4411556.939999988,647650.6399999993,5059207.579999999,47282037.59999993,6989811.350000009,54271848.949999996,10919.695396039575,1603.0956435643548,12522.791039603959,18905.25293882444,2794.8066173530624,21700.059556177526,24769.783034297965,4033.578579245339,28735.55093174057,25501.189591917566,3831.6671148393134,29287.674260499338,2.5304241936581096,2.715948150469639,2.5593012980933425,1.8574590581262005,1.9059644435589445,1.8550115294040204,5.202239397247665,6.247459200176888,5.363006564281719,2.499168123969082,2.82830526115416,2.4879090075085424,-42870480.65999994,-6342160.710000009,-49212641.37
E32,2351999.0999999996,190576.62000000163,2542575.7200000025,44150482.290000185,1324770.990000009,45475253.28,836.7125933831376,67.79673425827166,904.5093276414096,94338.63737179527,2830.707243589763,97169.34461538462,3891.050649866713,138.25409148413075,3960.6431455976713,16931.755074540044,505.1133381975758,17436.82043720147,19.433613374153964,9.860048491411431,19.013776599308784,-8.130275934636192,-8.183742274773723,-8.131798406236474,446.2142911088139,150.5542192688396,431.57793437033865,76.13324126984818,77.3565766191877,76.16838172802495,-41798483.190000184,-1134194.3700000076,-42932677.56
E33,68636564.72000007,1008191.4399999982,69644756.16000001,69611432.64000012,4828963.520000007,74440396.16000009,60579.49225066202,889.8424007060885,61469.33465136806,76328.32526315803,5294.916140350885,81623.24140350887,86875.38559715736,3770.4337479597566,88342.48589852359,34232.33107991066,3627.177178069219,36679.21203088032,4.456064398163155,15.78705245489118,4.473269910620753,-2.393445049602877,-0.9186992857435744,-2.482623664892146,30.44610208142742,367.52204892798375,30.292456680923408,6.616214522708045,2.377027349039949,7.188642238760497,-974867.9200000465,-3820772.080000009,-4795640.0000000745
E34,49370789.220000185,3479062.43,52849851.65000001,90353514.16000003,5215214.349999997,95568728.51,23839.106335103905,1679.89494447127,25519.00127957509,151599.8559731544,8750.359647651001,160350.21562080536,52978.579813796685,3847.877891106914,55886.854750237624,216104.56936283974,16769.164000772158,231205.813307157,5.569589901974342,1.7961788139715347,5.194589031711544,3.1711618678428457,3.6463732719668975,3.1633730423835806,68.80702529983802,5.146602086854374,62.11382258732223,8.494742050019893,12.589997081088102,8.414251660349024,-40982724.93999984,-1736151.9199999967,-42718876.85999999
E35,29957308.160000023,3494614.070000002,33451922.230000004,35050115.75999998,3583144.989999999,38633260.75000001,47325.921263823104,5520.717330173779,52846.638593996846,47557.82328358207,4861.797815468112,52419.621099050215,63111.45954395499,6756.128135954686,69652.59882404284,36175.9895606484,4321.700999206949,39284.05812919494,2.4671072738910627,1.9018215306700135,2.4026471393426014,0.1613136597098849,0.7348575335720946,0.15181072323998976,9.932804399403734,5.747312619281404,9.45685049882921,-1.6757815607175324,-0.6260796876990313,-1.6743413695822442,-5092807.5999999605,-88530.91999999667,-5181338.520000003
E36,19556418.009999946,2843988.089999996,22400406.09999999,35208995.919999935,4962675.400000002,40171671.32000004,12520.113962868083,1820.7350128040948,14340.848975672208,24638.90547235825,3472.8309307207855,28111.736403079103,21866.589048554517,3449.436824462175,25269.145626445403,27651.857481675208,4291.080234862246,31765.7073144888,3.4852439132323103,3.6467874273583023,3.5099809266982063,1.0541406035231549,1.0607026383504092,1.0571379232657312,20.01036906358367,21.589071348968012,20.29255491572568,0.9859113932328207,1.158868467486883,1.0082717099091738,-15652577.909999989,-2118687.310000006,-17771265.220000047
E37,43487945.829999894,6590372.859999996,50078318.68999999,43448933.41999987,6640312.349999992,50089245.77000002,73459.3679560809,11132.386587837831,84591.7545439189,36696.73430743232,5608.371917229723,42305.10622466218,61652.366135470365,9787.721187201214,71335.32737027165,36231.76826899896,5543.660060495932,41714.59061877539,7.04467146469941,7.391528511225475,7.117301122716322,0.5706731615954531,0.6311679792208492,0.5704822398881808,87.44732420219839,92.67494125631336,88.64828018517075,-0.793801122325124,-0.3743121616779157,-0.7606963033808354,39012.410000026226,-49939.4899999965,-10927.080000028014
E38,12119875.870000046,1042658.0500000007,13162533.920000007,48352635.91000013,1760763.0300000096,50113398.940000005,12651.227421711948,1088.369572025053,13739.59699373696,87595.35490942052,3189.788097826104,90785.14300724638,60816.844223378095,6071.185966138345,65112.40227162796,26905.636297819714,1658.2336624424918,27544.592521781342,10.304259069778494,8.521019749487108,9.52437239916555,-3.70120498835052,1.871359714177101,-3.770617335100998,135.95715563861995,74.85937732652587,114.32203547795085,16.76757657356066,6.332308764039242,17.39949460625337,-36232760.04000008,-718104.9800000088,-36950865.019999996
E39,350218.9099999999,23021.549999999992,373240.46,29171167.310000036,3746309.370000002,32917476.680000003,1255.264910394265,82.51451612903223,1337.7794265232976,123606.64114406795,15874.19224576272,139480.8333898305,6130.450066276735,283.7637759971045,6360.099416942006,197272.09585236595,22345.40117507152,217495.25939686366,8.245926285751082,8.693320141279283,8.140903857754681,2.904390948163474,3.3463424384638487,2.882393775895117,70.62150574030346,88.34203990673322,68.83303551103133,7.898035295491052,12.78821030885345,7.787233833834405,-28820948.400000036,-3723287.820000002,-32544236.220000003
E4,219877104.4399998,34707110.18000001,254584214.61999986,1839969689.9599898,306570894.74999905,2146540584.709999,422028.99124760035,66616.33431861806,488645.3255662185,901504.0127192503,150206.21986771145,1051710.2325869668,1682962.1333800072,274806.4028024461,1956680.3761634158,234720.91952572888,40532.1903123272,274649.60047066194,4.275409000075654,4.460937895532965,4.296341362915826,-3.5772249923161374,-3.2619961769678274,-3.551758912290439,17.909845445438073,19.72576661547555,18.110504241001816,16.10263993427378,13.650783915041622,15.878956777724586,-1620092585.51999,-271863784.56999904,-1891956370.0899992
E40,4270659.390000021,215675.970000001,4486335.359999995,33731395.199999996,776356.11,34507751.31,1392.0011049543746,70.29855606258181,1462.2996610169475,42164.24399999999,970.4451375,43134.689137500005,6008.264982790639,460.43449045606076,6355.6122749428005,43862.72200890223,1924.5153819093612,44967.86881341858,11.022969651950843,27.61066605225737,11.395327192572333,-0.5729249297318353,0.644633638124359,-0.5957642459323855,152.46197290965677,1031.9276846229693,166.76692240443128,0.7916460187023531,2.930581135658233,0.8639624175643563,-29460735.809999973,-560680.139999999,-30021415.950000007
E41,5084164.040000004,304563.29000000027,5388727.330000003,32547375.88999998,784841.9400000005,33332217.830000028,2583.4166869918718,154.75776930894324,2738.1744563008147,53797.31552066112,1297.2594049586785,55094.57492561988,8606.534219717863,793.1047122860631,9264.293894608287,36754.64191322809,1806.05820363602,37795.390902447914,10.933601607496918,23.642493115949417,11.86697034524136,-1.1794962974487397,0.4996814953489196,-1.192182082614925,226.81116624122305,761.996584142254,260.56814706466685,1.8547141154396858,1.534938895420484,1.9410260339559526,-27463211.849999975,-480278.65000000026,-27943490.500000026
E42,10425.63,1343.3700000000001,11769.0,26235453.609999992,0.0,26235453.609999992,221.821914893617,28.582340425531918,250.40425531914894,89236.23676870746,0.0,89236.23676870746,183.9807167813981,24.050384542665167,207.97705065442568,32028.00135563322,0.0,32028.00135563322,2.759471201267305,2.736147876801686,2.7596351404475046,-4.374652190707504,nan,-4.374652190707504,0,0,0,0,0,0,-26225027.979999993,1343.3700000000001,-26223684.609999992
E43,3367877.6499999994,528652.1,3896529.75,18337561.200000018,1377885.9399999976,19715447.14000002,49527.61249999999,7774.2955882352935,57301.908088235294,85689.53831775709,6438.719345794381,92128.25766355149,118266.02694374365,19103.051229339482,137333.0137187885,34765.16348538884,3570.3819013873976,36967.583243873945,4.467930912628406,4.4391090508622995,4.46683033729732,-3.5801677465386246,-0.5548370987392796,-3.4916054646032544,21.73783501732922,21.2421732764358,21.69075403938138,14.261639783075715,-1.0044941408024513,13.589289317975801,-14969683.55000002,-849233.8399999976,-15818917.39000002
E44,29879150.639999975,4502480.660000006,34381631.3,32843928.710000165,4896595.690000015,37740524.40000003,24451.023436988522,3684.517725040921,28135.541162029458,14649.388363068761,2184.0301917930487,16833.418554861742,52773.61477818777,8127.321462721544,60840.10308423825,20861.005197798957,2853.7685389617823,23685.103937512376,6.279303309644127,6.746169831276082,6.3262690935462675,3.3197327364926665,3.385380961771836,3.3228280173128963,58.2361215628859,69.10027948758983,59.296477347062556,9.870204870704518,10.88260051290311,9.924249500159814,-2964778.0700001903,-394115.0300000096,-3358893.1000000313
E45,23845376.53000003,3072912.6700000013,26918289.200000007,24516874.659999974,3408989.1599999997,27925863.82000001,40279.352246621675,5190.730861486489,45470.08310810812,80383.19560655729,11177.01363934426,91560.20924590167,56768.14099979749,6312.786145204961,62274.840539075194,34984.72598161743,4991.40721609922,39797.89943225244,2.7478297681951664,0.608445616995939,2.2933576413084538,-2.592884218390936,-2.651482081898373,-2.6373834076785116,15.97067197917712,-0.9146102941676144,11.559216710381016,7.6800724630287895,9.063313595039661,7.982746046947815,-671498.1299999431,-336076.48999999836,-1007574.6200000048
E46,49609846.300000064,3093697.1099999635,52703543.40999995,58575368.48999969,3536474.3299999586,62111842.82,19907.642977528114,1241.4514887640303,21149.094466292114,65889.0534195722,3978.0363667041156,69867.08978627672,43189.96602185022,3318.9071288530317,46271.459896183296,41642.27443835839,2532.7144541764605,44149.755383505246,8.217967686894953,20.48712528505765,8.702736711349555,-1.754296703919055,-1.6463652151668218,-1.754686046886333,149.5473135643229,686.3967132946635,164.96368655554713,3.479712681577288,3.366167487524728,3.4784970170856964,-8965522.189999625,-442777.2199999951,-9408299.410000049
E47,41361240.74,6568614.129999982,47929854.86999997,49623136.13000012,7965141.5,57588277.63000006,14714.066431874779,2336.753514763423,17050.819946638196,14786.393364123993,2373.403307508939,17159.796671632914,35575.89380005182,5707.594352780139,41257.46685110949,22213.2502867819,3601.4545811354214,25796.643338745173,5.511564924015678,5.57399679385397,5.514206234285835,1.9155511546134114,1.9797873937977664,1.9201965893016604,43.54436715106699,45.45761218183414,43.73542219438681,3.7340946771343813,4.050074234665588,3.7481094659929717,-8261895.39000012,-1396527.3700000178,-9658422.760000095
E48,12605373.219999993,1771922.1299999992,14377295.350000003,50061017.69000004,7286481.809999998,57347499.499999985,10417.663818181813,1464.398454545454,11882.062272727275,52146.89342708338,7590.085218749998,59736.97864583332,22781.129042992194,3356.0117875492656,26110.160173068256,29125.518206983186,4202.248242357543,33224.61257883024,2.484685028855428,2.5791161941762533,2.489914828949035,-0.16358512633022843,-0.17604973369536245,-0.1808118344800548,5.197590515610422,5.8241982187133186,5.22019070417382,-1.2512425855045048,-1.2200828345570383,-1.2608085713015815,-37455644.47000005,-5514559.679999999,-42970204.14999998
E49,23269176.60999997,1231555.4300000076,24500732.04000002,36887103.24000003,2319065.979999977,39206169.220000006,6614.319673109713,350.0726065946582,6964.392279704383,80015.40832971808,5030.511887201686,85045.92021691975,19845.603260656695,1576.4616324104754,20838.52093004045,35077.612644272645,3493.8388547521877,37958.124427633484,4.094376039542177,9.673446711108003,4.169278634649875,-2.7354726507399407,-2.4771197437545265,-2.8603685819616396,17.42961434089815,137.31487608388207,19.266827688256758,7.381227394485993,14.480463329303163,8.324456531299976,-13617926.630000062,-1087510.5499999695,-14705437.179999985
E5,197784985.11999974,29546993.850000255,227331978.96999973,202632288.8699999,30658411.12000005,233290699.99,94906.42280230313,14178.020081574019,109084.44288387703,201624.16802985064,30505.881711442835,232130.04974129354,338024.1367440744,53534.12946873021,391469.98702766286,277440.56296297855,40726.36080942638,317858.175579511,12.80694788870041,13.139882122699788,12.857274673327398,2.1778470157247956,2.300979430382994,2.18755003787082,199.12531022871715,207.73197739513537,200.43506743324988,3.081686578150989,3.8255004741592566,3.137113430834386,-4847303.750000149,-1111417.2699997947,-5958721.020000279
E50,1699224.0099999995,180772.28000000003,1879996.29,19113678.349999998,1016800.3599999996,20130478.71000001,9135.612956989246,971.8939784946238,10107.50693548387,74955.601372549,3987.452392156861,78943.05376470591,71053.62086831206,9162.826287356791,80163.6652206997,50405.18729054815,3173.069367159202,52437.820953694536,12.693715521802668,13.058843879777287,12.757879329300517,-2.6588814326793866,-0.019289988496778206,-2.663932497818582,165.41802024438917,172.14523231819155,166.61879113169084,5.942107957978509,-0.40307407772945236,5.942767546859406,-17414454.34,-836028.0799999996,-18250482.42000001
E51,20388050.509999983,2171041.389999999,22559091.9,27726264.060000047,2727071.5399999917,30453335.60000001,45206.32042128599,4813.8390022172935,50020.159423503326,33244.92093525185,3269.8699520383593,36514.790887290175,52090.5832842257,6158.258403396216,58115.90908957315,32704.564961779357,3218.780790416973,35903.97988060116,5.848120881699231,8.07602476585645,6.096222474450282,0.7908012316394373,0.8156553813051463,0.7898202762112759,76.61048836991769,118.59941187812026,81.180962120023,-0.6093053782688238,-0.4988065957633938,-0.6096467545204405,-7338213.550000064,-556030.1499999925,-7894243.70000001
E52,16298326.870000029,2139089.6700000046,18437416.54,18778556.890000034,2491553.0799999954,21270109.96999999,39849.20995110032,5230.0480929095465,45079.25804400978,65659.28982517494,8711.72405594404,74371.01388111885,108856.43888715345,14672.523267683917,123436.69927628819,33082.72931194466,4640.614974249913,37310.57846219751,6.523636396575194,6.43051133683461,6.514803301344031,-1.0856982258531214,-0.8464865081183222,-1.1121210286000796,46.01010897512878,44.86710072668411,45.85240955954644,-0.20127665846723763,-0.28200206392478266,-0.13217310730152532,-2480230.020000005,-352463.40999999084,-2832693.4299999923
E53,32639105.099999983,2304201.8499999857,34943306.94999999,35969165.35000009,2158150.7599999807,38127316.11,54489.32404006675,3846.7476627712617,58336.071702838046,90831.22563131335,5449.875656565608,96281.10128787879,40926.40037731336,3618.0562300266943,44033.866162798986,92503.21281603063,5550.192659327676,98053.40547535715,-0.021052054346076224,2.131387843187209,0.03234896548570007,7.514182703135487,7.5141817718836785,7.51418265042338,-1.075004829110763,15.582104505390731,-0.7605488298068841,62.51474150773065,62.514730701619186,62.514740896067224,-3330060.250000108,146051.09000000497,-3184009.1600000113
E54,7510589.240000009,653336.5000000024,8163925.739999997,33674511.36999954,3836466.349999983,37510977.72,4829.960926045022,420.1520900321559,5250.113016077169,10474.187051321785,1193.3021306376309,11667.489181959565,14860.900402275296,1538.3160650303155,16069.298301556479,21294.288564845443,2809.9285069838647,23828.13856051521,3.8859977618650436,6.684348248877543,3.9480561320919088,2.8954166711030322,3.6054465621221867,2.9098296568560555,23.099611181214048,55.01869231396625,23.510023536233152,7.688272265892989,13.536535162593392,7.834060340900452,-26163922.129999533,-3183129.8499999805,-29347051.98
E55,10176811.460000008,683956.8199999997,10860768.279999997,23406330.75000003,2188483.0400000024,25594813.789999988,13532.993962765968,909.5170478723401,14442.511010638294,52835.961060948146,4940.142302483076,57776.103363431124,42828.98996746184,4793.175136323772,46961.237665902474,70652.17748507112,8271.01988977484,77657.85821469227,8.982495352832741,18.90140102559354,9.791254584823381,-1.3555635593278614,-0.8385618066379824,-1.3591331602796992,120.10569507011996,439.5927600708206,142.83945807592477,0.295070947908298,0.8599978428564721,0.31338862842557,-13229519.290000021,-1504526.2200000025,-14734045.50999999
E56,24540736.96000002,3622978.389999996,28163715.35,26257261.890000038,3884590.150000006,30141852.039999995,21302.723055555573,3144.9465190972187,24447.66957465278,57330.26613537126,8481.637882096084,65811.90401746724,51490.92518223707,7694.65709257242,59128.30619608276,32921.294109123315,4888.806489979134,37693.40925909296,4.625285690524248,4.836917840200017,4.645909039216267,-0.9883886891607123,-0.8184053729294317,-0.9868472275571877,32.32195962820075,36.95334658878918,32.818441630190435,0.9625084063570544,0.9810200988718472,0.9824658122627299,-1716524.9300000183,-261611.76000001002,-1978136.689999994
E57,27900259.019999992,3923211.529999999,31823470.549999997,32011181.140000038,4776783.719999995,36787964.86000001,228690.64770491797,32157.47155737704,260848.11926229505,82930.521088083,12375.08735751294,95305.60844559588,543406.6122454597,72963.07757160017,616063.3014572426,31537.246894043077,4996.063107869161,36304.38961038497,3.276612983694308,3.0205145655626002,3.246631365278407,-3.971662146776245,-3.928365322776469,-4.049733470562872,10.975830037366492,9.243223807280616,10.774150863433851,16.5174707072926,16.817607545538834,17.044758901040563,-4110922.1200000457,-853572.1899999962,-4964494.31000001
E58,6761042.890000033,351249.3500000002,7112292.239999998,22580017.44,1513790.0699999973,24093807.51000001,5149.309131759355,267.5166412795127,5416.825773038841,79507.10366197184,5330.246725352103,84837.35038732398,34045.17524432804,1200.3644457487637,34554.4652338279,32552.730559125135,3211.280822373067,34608.21698575261,16.91981973019037,7.107731954254094,16.307870793599584,-2.809276867157075,-0.2645141414269571,-2.743255211438884,380.01639349868856,60.947259178638205,358.9220476337338,9.494926312583305,-0.9118078823097875,9.020753677366262,-15818974.549999967,-1162540.719999997,-16981515.27000001
E59,18297329.059999984,2888597.2999999905,21185926.360000025,26718775.030000083,4214114.130000016,30932889.16000002,34393.4756766917,5429.6941729323125,39823.16984962411,12926.354634736374,2038.7586502177144,14965.113284954048,33929.63953240738,5447.2993962719065,39338.48103031595,16080.529646986213,2320.239938343437,18383.414984016756,0.43265282990150394,0.45173445141220014,0.4310834601563308,4.2738171719939215,4.466999663382729,4.287467600711624,-1.3059131058180116,-1.2495893081086706,-1.3075935230150393,18.045388426674066,20.562462449151717,18.226552230516354,-8421445.9700001,-1325516.8300000252,-9746962.799999993
E6,302282691.2199998,18895872.27999999,321178563.5000012,366439288.3,29458149.93999991,395897438.23999995,27952.902831514682,1747.3527168485289,29700.255548363344,401357.3803943045,32265.224468784127,433622.60486308864,89035.82086216519,4358.733007007283,91824.99807920791,356943.5727240785,32962.866896657746,386143.902591888,8.081448851637232,4.499936786409765,7.8701969306355855,0.3361069968959961,0.7242141237112218,0.33473177325743103,77.40717196295186,32.56190999712629,74.21765581143529,-1.3690989784250018,-0.8322957340436297,-1.373025190987614,-64156597.08000022,-10562277.659999918,-74718874.73999876
E60,4712116.120000005,663306.4499999993,5375422.570000001,7969850.180000047,239094.8200000008,8208945.0,8890.78513207548,1251.5216037735836,10142.306735849059,18796.81646226426,563.9028773584924,19360.719339622643,25011.139230846326,4079.5401885389524,29070.424644529226,25745.203649525574,772.3563601785335,26517.560009702265,3.494155531596264,3.5273351537418716,3.505848054634784,2.283630662359907,2.2836315101438864,2.283630687053127,11.933322340599227,11.88762403012417,11.962459401769305,4.410990384942865,4.410986190888758,4.410990262786882,-3257734.0600000424,424211.6299999985,-2833522.429999999
E61,830339.2599999998,101691.91999999995,932031.1800000002,16879972.560000006,1807831.2399999965,18687803.799999997,3972.915119617224,486.56421052631555,4459.479330143541,8634.257063938621,924.7218618925813,9558.978925831201,7758.835176390975,1178.8534565851867,8911.725851725652,2816.3564738373752,685.4869957191429,2983.049036906546,0.195496204806036,0.4435836822644326,0.21467912844258794,-5.565249368417842,-0.5167880856027546,-5.44312074694205,22.188866641324356,27.999507663469696,23.16021707184914,32.16526729961992,-1.6079603972704635,31.14300961847787,-16049633.300000006,-1706139.3199999966,-17755772.619999997
E62,1176092.1599999988,62778.82000000004,1238870.9800000002,9490671.89,569440.2500000008,10060112.140000002,2231.6739278937357,119.12489563567371,2350.798823529412,49689.38162303665,2981.3625654450307,52670.74418848169,11073.91277498144,522.4816773838479,11498.7289145551,54096.737552279235,3245.804014666851,57342.5415669455,7.564472812707968,7.547169622311834,7.447901867977238,-1.296224674693131,-1.2962247167052618,-1.296224677071201,59.66807822375761,66.08547371540567,57.89075348896528,0.9106668879480573,0.9106667917930236,0.9106668825054154,-8314579.730000002,-506661.43000000075,-8821241.160000002
E63,35590441.56000001,3849743.31,39440184.87000001,47103971.169999935,7874271.270000009,54978242.44000002,23322.70089121888,2522.7675688073396,25845.46846002622,75366.35387199989,12598.834032000013,87965.18790400003,40940.955126569694,4417.342008395714,45253.17521217937,28766.889731543615,4925.858240020801,33604.346611606976,1.6086129644180742,1.1001957012413148,1.5187327985160393,-1.796370267703863,-1.6935525465108072,-1.7926760544398068,8.81744259438556,0.6457009945301881,7.328278466519148,3.7321543913020676,3.3148944279010504,3.7310627091879063,-11513529.609999925,-4024527.960000009,-15538057.570000008
E64,86955.15999999999,3678.8899999999994,90634.05,8885211.720000003,58916.34999999998,8944128.070000006,2717.3487499999997,114.96531249999998,2832.3140625,6925.340389711615,45.92077162899452,6971.2611613406125,6083.468021556839,270.36383667412383,6350.236489066205,3617.731844076842,191.73750680655627,3639.653682018938,3.064180959051367,3.3848699216795053,3.0758824179038835,-0.6739575229338516,4.179011883265518,-0.6790875978513979,8.313797284429583,10.392106587197512,8.379110625269824,-1.2848575803025706,15.842702221446963,-1.2856481627785226,-8798256.560000002,-55237.45999999998,-8853494.020000005
E65,4389086.9400000395,450478.95000000286,4839565.890000001,7441474.719999997,722090.7800000001,8163565.500000005,7580.461036269498,778.0292746114039,8358.49031088083,16354.889494505487,1587.0127032967036,17941.902197802207,22119.541313340036,2319.8740807904114,24418.34975879323,21100.53242227246,2196.7928210906775,23272.13315631968,3.2177221883510554,3.3900317180255133,3.2243071931171907,2.0765100296624173,2.225367027206134,2.0882505425563065,9.28601250008447,10.902573453949262,9.337428207301697,3.9860640338904076,4.7937347118783,4.033370291735687,-3052387.7799999574,-271611.8299999973,-3323999.610000004
E66,5061635.190000012,316473.1200000008,5378108.309999998,4761254.910000003,268678.58999999985,5029933.500000001,8802.843808695672,550.3880347826101,9353.231843478257,7581.616098726119,427.83214968152845,8009.448248407645,25106.256872520127,1489.0651661330162,26594.17540171426,17101.89031653614,1031.1027511334173,18131.253648330516,3.0126852461903955,3.049016589530237,3.0147507993502596,3.742628500304846,3.762675088840006,3.7448934127386453,7.580440963099864,7.817911920851849,7.594060695771125,14.576761893676466,14.631910562043775,14.586587300091239,300380.28000000864,47794.53000000096,348174.8099999968
E67,1225182.1299999987,65116.820000000094,1290298.949999999,5622436.24,168973.75999999992,5791410.0,1954.0384848484828,103.85457735247223,2057.8930622009552,29283.522083333333,880.0716666666663,30163.59375,3282.997033954955,187.89757613053567,3417.1508118655947,35366.509656307244,1061.0629728329104,36427.24206640036,1.8202631585544045,3.205805405642004,1.772829999739957,0.8597137055380155,0.8522000128818383,0.8595578424685949,2.3704112877252665,13.606516192762719,2.0845311307264973,0.25464950769047157,0.2551430342636798,0.2547146453198659,-4397254.110000001,-103856.93999999983,-4501111.050000001
E68,698.1099999999999,41.89,740.0,5867409.219999999,89668.97999999998,5957078.2,232.7033333333333,13.963333333333333,246.66666666666666,90267.83415384614,1379.522769230769,91647.35692307692,44.472302491425914,2.668149587677239,47.14045207910317,19604.723262260974,2345.858000892052,20197.483469232415,-0.7071067811865458,-0.7071067811865477,-0.7071067811865468,-2.5064281279219975,2.2439270207776882,-2.4232181975945903,-1.5000000000000016,-1.4999999999999996,-1.5,5.717601361682458,4.782656541442988,5.364592362371418,-5866711.1099999985,-89627.08999999998,-5956338.2
E69,3155.34,94.66,3250.0,3639218.080000001,109176.54999999997,3748394.6299999976,3155.34,94.66,3250.0,6958.3519694072675,208.75057361376668,7167.1025430210275,0.0,0.0,0.0,5207.674505856539,156.23019059699408,5363.904696353501,nan,nan,nan,-2.2563699623757385,-2.2563603714790403,-2.2563696831688023,0,0,0,0,0,0,-3636062.740000001,-109081.88999999997,-3745144.6299999976
E7,59720328.690000616,3771613.369999936,63491942.06000021,512950626.48999965,83280070.27000012,596230696.7599996,4723.588443407468,298.31633077591835,5021.904774183359,63863.37481200195,10368.534645169337,74231.90945717126,22204.37654273947,1959.2363099219501,23759.58893433866,204886.41715895614,34121.75656202563,238965.79101205844,8.616478894402501,2.2001232368276926,7.8356427717293675,0.5931570502491477,0.591101994307928,0.5919093161071272,138.8408698048641,70.2852179093306,122.48493784961384,7.933331665166307,8.237389006219352,7.974501989073481,-453230297.79999906,-79508456.90000018,-532738754.69999945
E70,5338792.620000007,750549.3200000011,6089341.940000026,9296042.259999996,1385996.2200000002,10682038.480000004,2987.572814773367,420.0052154448803,3407.578030218257,19820.98562899786,2955.215820895523,22776.2014498934,10719.540135579578,1653.6480412799704,12328.5050212712,24825.388586691606,3798.7554267512533,28469.126169217172,11.686491557003935,12.856086158644727,11.91393177753514,1.7798175847707671,2.0120088520003616,1.7745555079997426,219.00566554725899,254.60944248688992,226.48787205777245,2.9889921517447062,4.3217610574058325,2.9970482490365287,-3957249.6399999894,-635446.8999999991,-4592696.539999979
E71,9899723.390000002,105156.5,10004879.889999999,12226712.619999995,597.0,12227309.619999995,8215.538082987554,87.26680497925311,8302.804887966804,34057.69532033425,1.6629526462395543,34059.35827298049,27816.463360685542,448.04038040989366,27986.893081048387,32459.926713451463,23.829490476120508,32458.776595655392,2.105070253876064,3.0945837512378764,2.0765145664932056,1.0487707754376296,17.312577944453245,1.048806229989439,7.56021170845152,40.17279703898785,7.58866021871825,-0.24788961882892258,310.886610700417,-0.24779471920803608,-2326989.229999993,104559.5,-2222429.7299999967
E72,1414547.7199999995,132467.05,1547014.77,4359736.0,81277.75000000003,4441013.750000001,12408.31333333333,1161.9916666666666,13570.305,24771.227272727272,461.8053977272729,25233.03267045455,66790.37242736855,5642.747098709977,72194.62488938717,36609.94180824335,1023.0165529923909,36884.27351454767,2.058448566083581,2.657962341261274,2.0907404754872667,1.4593913458251022,4.499078204255802,1.45457007090416,13.905983214363854,12.821137844405511,13.605005172808518,0.24897178828637978,20.260418555205717,0.2404160935676951,-2945188.2800000003,51189.29999999996,-2893998.980000001
E73,775665.1100000006,80290.42999999975,855955.5399999999,6139907.709999997,990107.4700000006,7130015.179999999,1292.7751833333343,133.8173833333329,1426.5925666666665,27533.21843049326,4439.9438116591955,31973.162242152463,3147.990927531762,490.4389693842182,3620.165942785603,34249.723732924234,5452.104851483074,39664.56230086303,4.793882161796815,5.980494355929038,4.9859019407455,0.11965060640111842,0.4172512189794103,0.15961141190083422,28.762944832548826,41.5579059441275,30.828989985017067,0.7910124921407742,0.024117417790988416,0.655208823146348,-5364242.599999997,-909817.0400000009,-6274059.639999999
E74,337049.70999999996,265.28999999999996,337315.0,3986839.749999998,0.0,3986839.749999998,17739.45842105263,13.962631578947367,17753.42105263158,7786.796386718746,0.0,7786.796386718746,20967.73455386564,38.9923287788907,20958.585190588026,3195.207349462037,0.0,3195.207349462037,1.3049185105334515,3.667005041484023,1.305519128202507,-2.700727850774736,nan,-2.700727850774736,0,0,0,0,0,0,-3649790.039999998,265.28999999999996,-3649524.749999998
E75,2556437.9099999983,164986.33999999994,2721424.2500000005,6451154.439999841,193546.36000000013,6644700.799999999,4751.743327137543,306.6660594795538,5058.4093866171015,799.994350198393,24.001284722222238,823.9956349206348,13053.463486681112,1038.6186061637886,13819.017622120997,1638.8937219015663,49.16657661574902,1688.0601510375104,4.728249312415259,5.406129946806297,4.6405788938196375,4.134797706676386,4.1347131667252945,4.134796368373157,25.583025639932664,31.706972698972116,24.404047256127996,17.700505974397576,17.699988549563248,17.700498128449368,-3894716.529999843,-28560.020000000193,-3923276.5499999984
E76,866521.2000000004,62795.40999999993,929316.6100000002,4030841.1000000103,266156.7000000002,4296997.800000001,2504.3965317919087,181.48962427745644,2685.886156069365,18075.520627802736,1193.5278026905837,19269.048430493276,8825.691311719256,769.5845065272907,9560.29239316407,27271.342709220928,1976.0989717012783,29128.563291616498,7.930080149403852,8.890005999664009,7.9465587396965205,1.7726266783227669,2.480143368374268,1.7744709353311188,74.06359393768997,92.52139111895868,73.8397050750549,1.7643373125714863,6.663722848144634,1.7602788135426914,-3164319.9000000097,-203361.29000000027,-3367681.1900000004
E77,749461.61,58419.39000000001,807881.0,4358879.23000001,217943.76000000015,4576822.99,14140.785094339622,1102.2526415094342,15243.037735849057,17297.139801587342,864.856190476191,18161.995992063494,26462.63288359763,2184.7370969343942,28554.342531299902,25249.518937795834,1272.3098628612058,26516.738470545097,1.879105153282947,2.4207346583358564,1.8929027118648685,2.5948619659107255,2.5037597267525356,2.592734738422461,2.1145948411140294,5.273732902394368,2.1776565270989385,4.972784207122667,4.795412989673297,4.968187395337213,-3609417.62000001,-159524.37000000014,-3768941.99
E78,3219546.28,529422.34,3748968.62,9248973.770000005,790093.3300000008,10039067.100000001,61914.35153846153,10181.198846153846,72095.55038461539,37294.249072580664,3185.860201612906,40480.10927419356,56165.076200045085,9682.29596832472,65828.79853758097,29710.67674694888,2460.6845105823127,31923.881199978212,0.8810856146899064,0.916758509365719,0.8878378305016635,0.6403342437249182,0.8723642774711138,0.6165191223023213,0.3726387410405545,0.3518662849632541,0.3721130014046383,-0.8387455154406309,0.20456441177620643,-0.8760475413688056,-6029427.490000006,-260670.9900000008,-6290098.480000001
E79,2920288.8799999985,397743.69999999995,3318032.58,3289875.520000001,207543.56999999992,3497419.09,19212.426842105255,2616.7348684210524,21829.161710526318,44457.77729729731,2804.642837837837,47262.42013513514,26391.34552381301,3901.183487379181,30054.964095477324,35751.49656264064,2136.6890241847736,37475.29714904389,1.103259634013498,1.3416171608723357,1.090886524875665,0.4262920659675302,0.8628494885856128,0.4063195833586235,-0.3713775431772244,0.36210306958194405,-0.4305486284703317,-1.4868213513333652,1.660524061919225,-1.4892118309166085,-369586.64000000246,190200.13000000003,-179386.50999999978
E8,162413052.88000247,8005641.059999568,170418693.94000122,358888832.7900059,21905054.879999842,380793887.67000014,7458.008581531087,367.6190962942356,7825.627677825284,42934.42191530158,2620.5353367627517,45554.95725206366,61879.693849651485,2499.7257589111455,64015.13836971253,41370.73633041352,2590.2245272290093,43899.433564000006,50.60524462819157,27.41277035307921,50.039628572346814,-0.24893953445364767,0.003037409433145573,-0.2489279671328245,3383.3986040355676,1190.36215947119,3325.907765080182,-0.28357712694966963,0.6925557210514639,-0.2863594115913357,-196475779.91000345,-13899413.820000274,-210375193.72999892
E80,2463271.3500000015,137413.47000000032,2600684.82,3614042.0299999993,165197.6399999999,3779239.6700000013,6316.0803846153885,352.3422307692316,6668.422615384615,76894.51127659573,3514.843404255317,80409.35468085109,61982.2622001497,3342.754788168739,65309.26333287448,20088.088743984757,1061.6561377160278,20928.14270404397,12.33792292027381,11.658883246563027,12.298744373785308,-2.1015867734951406,-1.0649491453417999,-2.1098656644322493,163.2477935148756,140.99090003099084,161.94984379327317,4.122350543476924,0.8088960908167899,4.186503302018853,-1150770.6799999978,-27784.169999999576,-1178554.8500000015
E81,1961457.460000001,293967.0700000001,2255424.5300000003,3380651.0699999966,529535.0899999997,3910186.1600000006,9568.085170731712,1433.9857073170738,11002.070878048782,5551.151182266004,869.5157471264364,6420.666929392448,18241.330474356317,2704.6467129637235,20907.168714630207,2679.0313972423723,426.947447102488,3095.6439884621836,1.7932705156381334,1.8504173301774307,1.7919457597241502,-0.5388206002348835,-0.47962620852458615,-0.5489822508239713,4.804404972166669,4.13965794779811,4.671948401809684,-0.7100091247694849,-0.7437672922614329,-0.7145295655139554,-1419193.6099999957,-235568.0199999996,-1654761.6300000004
E82,1475772.1900000016,218204.5300000005,1693976.7199999993,2932292.0899999994,468984.09,3401276.179999999,4745.248199356918,701.6222829582009,5446.87048231511,8753.110716417908,1399.9525074626868,10153.063223880594,9070.093489652781,1412.7809458417019,10453.216136243922,2109.3732819783854,352.4295020538033,2445.435676724085,4.207132122733795,4.5413291982941715,4.266021404122088,-3.9255736237394783,-2.9478361055487006,-3.8475710195683597,30.488564178969895,34.72198639464268,31.351380437861557,22.640118163985047,13.712764600799908,21.771384027529002,-1456519.8999999978,-250779.55999999953,-1707299.4599999995
E83,34882942.089999914,2687842.8899999554,37570784.98000005,3379729.2000000332,101391.60999999935,3481120.81,12924.394994442355,995.8662060022066,13920.261200444627,5207.595069337493,156.22744221879714,5363.822511556241,26844.35053266381,2498.7451719797446,29163.28363927955,2964.0723379403366,88.92302713374511,3052.995365042267,7.7992008561703186,7.961321252481892,7.8949816509714195,-0.1822981196042519,-0.1822768612356108,-0.18229750039789422,112.31813375636389,107.73337978506913,114.38301460007075,-1.4401235859284551,-1.4401665593532167,-1.440124837677977,31503212.88999988,2586451.279999956,34089664.17000005
E84,1434513.7000000002,224236.34999999995,1658750.05,4830825.649999981,746079.6999999972,5576905.349999986,27066.2962264151,4230.874528301886,31297.170754716983,10855.787977528047,1676.5835955056116,12532.371573033675,38025.7511954077,6358.533385270111,44355.47807412934,13059.601948015848,2219.4172379159154,15272.228038852078,2.166799337989575,2.3313265965773633,2.1909712039442857,4.576129428168463,4.759277081512256,4.608014822104018,5.252069402687013,6.185198967988454,5.393417383116661,24.64326902775947,25.74731659456385,24.841055444890888,-3396311.9499999806,-521843.3499999972,-3918155.299999986
E85,408409.14999999973,23802.269999999935,432211.42,2659492.250000002,79784.74999999999,2739277.0,1791.2682017543848,104.3959210526313,1895.6641228070175,10767.175101214583,323.01518218623477,11090.19028340081,9428.141623737718,546.864771891948,9835.58410011125,18434.977471209204,553.0489841091448,18988.026455304498,8.970877791494178,10.86976812407987,8.804436649100534,3.44467323269273,3.4446750630893623,3.4446732860134794,83.49004050227695,129.85999276671996,80.21103418299765,11.372537767553185,11.372547960322558,11.372538064468772,-2251083.100000002,-55982.480000000054,-2307065.58
E86,1731730.9299999988,10037.450000000003,1741768.38,2164127.33,64923.82999999999,2229051.16,12640.371751824809,73.26605839416061,12713.637810218977,113901.43842105263,3417.0436842105255,117318.48210526316,29727.019246616754,140.3451320116029,29769.934711709837,380226.78142607183,11406.803070368605,391633.5844964402,2.4020424766156427,3.8159883965467922,2.3972025023813925,0.14334892944045297,0.1433492632446629,0.14334893916290337,4.073636897740673,20.547046722759912,4.055896817786293,0.5881816386938099,0.5881817183490421,0.5881816410138625,-432396.4000000013,-54886.37999999998,-487282.78000000026
E87,1548937.4399999974,157336.48000000033,1706273.9199999995,3917377.7499999995,410673.84999999986,4328051.6000000015,4175.033530997298,424.08754716981224,4599.121078167114,55174.334507042244,5784.1387323943645,60958.473239436644,12094.617443439238,1664.1228435973067,13464.375143002504,35742.43174584791,6503.094672072508,40743.01278827231,6.375710312570244,7.545767782170637,6.285618052177215,-0.26728858634605024,0.7729640527357456,-0.1629006507078957,46.086023156069515,61.23805796516912,43.62567490371595,-1.4958520460221638,-1.1926489739405857,-1.4718327798408748,-2368440.3100000024,-253337.36999999953,-2621777.680000002
E88,648069.0599999999,35389.39999999997,683458.4600000001,2525652.8700000034,195526.78000000038,2721179.6500000013,3028.3600934579435,165.37102803738304,3193.7311214953274,6938.606785714295,537.1614835164845,7475.768269230773,3380.320481206965,171.62141782409464,3517.923290565266,3063.197059925658,420.4571661887186,3275.1643164374022,1.0671904937988244,1.796099271165204,1.038274921566722,-1.9797754382107846,0.4066568430891163,-1.9437931800953656,0.25978747811948955,5.075438021940261,0.23314213544256068,5.996117474660254,-1.42859778806343,5.530567077134657,-1877583.8100000033,-160137.3800000004,-2037721.1900000013
E89,2587686.130000004,130734.55999999995,2718420.69,1863249.8599999999,295146.1399999999,2158396.0,41074.38301587308,2075.1517460317455,43149.53476190476,11292.423393939393,1788.7644848484842,13081.18787878788,48199.43298150646,2394.0456167310203,50592.5955574877,13927.630898743186,2326.6350415378865,16250.42801071309,0.3659889587628038,0.361453074480059,0.36586806313641806,4.323683845804624,4.377884052095899,4.332900719194889,-1.852124823589817,-1.8499296219508305,-1.8520483187544214,18.76444348995188,19.231276894648037,18.83396524492137,724436.2700000042,-164411.57999999996,560024.69
E9,24535615.549999997,1797898.5400000084,26333514.09000002,319592135.36000067,49819902.51000009,369412037.87000036,5843.204465348892,428.17302691117135,6271.377492260066,55484.74572222234,8649.288630208348,64134.034352430615,22431.4235474695,1592.2666409180258,23949.703251906096,37054.48224065086,5933.545584185572,42902.905647584426,17.661540847945755,12.054932954589908,17.33574609019066,-1.0810079958912544,-1.0462507972638488,-1.0900649765238974,519.1081584040293,270.34662902668776,504.2974236136834,1.948837920324089,2.134204576217999,1.9974199523268377,-295056519.81000066,-48022003.97000008,-343078523.7800003
E90,731124.9400000002,26663.629999999972,757788.57,3249122.0700000003,194847.25999999998,3443969.3300000005,5415.740296296298,197.50837037037016,5613.248666666666,17374.984331550804,1041.9639572192511,18416.948288770058,10620.661814078561,420.43786177817486,11013.315573985468,28172.986531348353,1690.681739899716,29863.659728759663,4.59584062604564,6.186249833142994,4.61519964574923,1.3750637395808987,1.3749718479574204,1.3750606681084756,23.832836643845287,44.89126316817956,23.951363107038986,2.9100797345028653,2.9078248302854073,2.9099577534840915,-2517997.13,-168183.63,-2686180.7600000007
E91,1300367.17,193578.47999999995,1493945.6500000001,2335401.3600000003,359164.14,2694565.5,7740.280773809523,1152.2528571428568,8892.533630952381,18987.00292682927,2920.0336585365853,21907.036585365855,9547.505578380958,1585.241246087734,11112.493103952085,17875.559941374595,2740.234887003308,20580.534375129748,2.2416909907145524,2.4907052802070906,2.2853570126317337,0.8986159850288888,0.8538557706911356,0.8814181369644662,7.1889221138429455,8.687903751075611,7.44638368825359,0.1715235411327214,0.12778283962554093,0.12052913152475897,-1035034.1900000004,-165585.66000000006,-1200619.8499999999
E92,148695.84999999992,10696.560000000007,159392.41,2209553.3599999994,66286.64,2275840.0,701.3955188679241,50.45547169811324,751.8509905660378,61376.48222222221,1841.2955555555554,63217.77777777778,2090.430149521053,99.14713871961679,2125.4418338626565,36906.58718488273,1107.1991382072663,38013.78632308658,11.144760832993091,8.272514838240792,10.704205459759933,-1.9361501200478517,-1.9361487156847343,-1.9361500791445174,139.7640848720476,88.49643661267798,130.4895970039406,4.235174857678157,4.235171327202123,4.235174754850852,-2060857.5099999995,-55590.079999999994,-2116447.59
E93,285803.2299999998,17111.60000000001,302914.82999999996,1476055.3399999999,44281.659999999974,1520337.0,1374.0539903846145,82.26730769230774,1456.3212980769229,10468.47758865248,314.05432624113456,10782.531914893618,2645.2336950543518,257.97853454879487,2840.5720387784822,13897.411754450393,416.9226955273875,14314.334449964319,3.084153978912935,9.110913310119797,3.413692846919428,3.3268952009668364,3.3269037778980652,3.3268954507892317,13.731082132858653,106.7870129061691,18.11685646590751,13.613550433444026,13.613621756469662,13.613552510865219,-1190252.11,-27170.059999999965,-1217422.17
E94,14049.869999999999,2296.13,16346.0,1053200.0799999998,31595.80999999992,1084795.8900000001,3512.4674999999997,574.0325,4086.5,5916.854382022471,177.50455056179732,6094.35893258427,5599.050452882057,965.167240129269,6564.215623362779,5040.557302527449,151.2156490217453,5191.772951531429,1.1546595945717633,1.1546955760644262,1.1546670654519067,-1.5049876878345645,-1.5049918002178957,-1.504987807621062,-0.6666982873242584,-0.6666704909680421,-0.6666925096141223,2.0290450294988736,2.029046731246365,2.0290450791118095,-1039150.2099999998,-29299.67999999992,-1068449.8900000001
E95,1073.58,64.42,1138.0,2310757.2600000063,69323.19000000003,2380080.4499999997,268.395,16.105,284.5,2674.4875694444518,80.23517361111115,2754.7227430555554,7.3525556781298915,0.44167295593006434,7.794228634059948,3045.938138133928,91.37852663543254,3137.3166647279363,1.154700538379252,1.1547005383792481,1.1547005383792515,1.2791659335265773,1.2791711052395085,1.2791660842206973,-0.6666666666666661,-0.6666666666666723,-0.6666666666666665,0.1585164039899043,0.15852502624606357,0.1585166551685111,-2309683.680000006,-69258.77000000003,-2378942.4499999997
E96,2319001.3699999996,116468.59000000001,2435469.96,1438203.8900000001,43146.11,1481350.0,210818.30636363634,10588.053636363637,221406.36,79900.21611111112,2397.0061111111113,82297.22222222222,664100.0773311536,33190.67742652426,697290.4913485534,23930.459689721134,717.9145648886927,24648.374254604743,2.846023861698644,2.8458426609516128,2.8460191555005863,-1.3265189640709922,-1.3265217448312492,-1.326519045064686,6.09991204801479,6.099297757043875,6.099896133000641,0.5860427503790935,0.5860467918383998,0.5860428680924059,880797.4799999995,73322.48000000001,954119.96
E97,18754.7,1125.3000000000002,19880.0,971400.8199999996,29142.080000000005,1000542.9,2083.855555555556,125.03333333333336,2208.8888888888887,3809.4149803921555,114.28266666666669,3923.697647058824,1309.6930069389127,78.57885607606046,1388.2718629404324,3622.0264004622322,108.66060559639435,3730.687006016076,-0.5343121103617595,-0.5342579969170671,-0.5343090475210087,0.3625955743920938,0.3626027490975903,0.3625957833743221,-1.4251267178604088,-1.4250896660067025,-1.4251246213266298,-1.1395833778578812,-1.1395932584817907,-1.1395836656929084,-952646.1199999996,-28016.780000000006,-980662.9
E98,199319.01,9963.97,209282.98,1403241.5699999998,41869.22999999999,1445110.8000000003,3986.3802,199.27939999999998,4185.6596,10550.6884962406,314.80624060150365,10865.494736842107,13616.589948396404,472.5674192934168,14035.14079211291,17390.62268644713,504.5681352346159,17878.05825878635,6.385711469869281,4.27443419121595,6.355997162578641,2.5043633133625725,2.9121196089488754,2.526139076063095,40.715046312219016,20.062256374831538,40.44583515770275,8.265533862484075,9.594556853517147,8.329481475505379,-1203922.5599999998,-31905.259999999987,-1235827.8200000003
E99,4132374.5900000143,403687.01000000094,4536061.600000001,1181250.29,53754.509999999995,1235004.8,4744.402514351336,463.4753272101044,5207.877841561424,236250.05800000002,10750.901999999998,247000.96000000002,45583.261459848116,4601.508996129064,50125.9086146398,119423.30370033001,9038.340986772739,125320.09918351198,18.14277607849169,17.716162456703323,18.156806541109386,0.30996426927467846,1.0299170431229159,0.2415153027154065,353.5112756176918,340.84364185670984,353.96783657059547,-1.1787389674941284,-0.45990012430021565,-1.3118296087632713,2951124.3000000142,349932.50000000093,3301056.8000000007
